0,Sound,mus_zz_megalovania,0,,,,,
0,SansAnimation,none,,,,
0,SansHead,ClosedEyes,,,,,
0,SansText,Ready?,,,,,,
0,BlackScreen,1,,,,,,,
0,Sound,Flash,,,,,,,
0.06666,BlackScreen,0,,,,,,,
0,Sound,Flash,,,,,,,
0,CombatZoneResizeInstant,239,226,404,391,,,,
0,HeartTeleport,320,304,,,,,,
0,SansHead,BlueEye,,,,,
0.1,SansBody,HandDown,,,,
0,SansSlam,1,,,,,
0,BoneV,128,366,20,0,280,0,120,,,
0.1,BoneV,128,356,30,0,280,0,120,,,
0.1,BoneV,128,346,40,0,280,0,120,,,
0.1,BoneV,128,336,50,0,280,0,120,,,
0,SansBody,HandRight,,,,
0.1,BoneV,128,326,60,0,280,0,120,,,
0.1,BoneV,128,316,70,0,280,0,120,,,
0,BoneVRepeat,2,232,84,2,280,4,200,,;
1,SansBody,HandUp,,,,
0,SansSlam,3,,,,,
0,BoneV,428,231,20,2,280,0,120,,,
0.1,BoneV,428,231,30,2,280,0,120,,,
0.1,BoneV,428,231,40,2,280,0,120,,,
0.1,BoneV,428,231,50,2,280,0,120,,,
0,SansBody,Handleft,,,
0,SansHead,NoEyes,,,
0.1,BoneV,428,231,60,2,280,0,120,,,
0.1,BoneV,428,231,70,2,280,0,120,,,
0,HeartMode,0,,,
0.3,SineBones,20,-24,260,25
0,SineBones,20,24,260,25
1.25,GasterBlaster,2,0,0,320,126,90,0.333,0.26666
0,GasterBlaster,2,640,480,320,466,270,0.333,0.26666
0.69,GasterBlaster,2,0,240,139,306,0,0.666,0.5
0,GasterBlaster,2,640,240,499,306,180,0.666,0.5
1.10,GasterBlaster,1,0,0,189,246,0,0.333,0.26666
0,GasterBlaster,1,0,0,259,166,90,0.333,0.26666
0,GasterBlaster,1,640,480,449,366,180,0.333,0.26666
0,GasterBlaster,1,640,480,379,446,270,0.333,0.26666
0,SansTorso,Default,,,
1.69999,SansHead,Default,,,
0,SansText,Here go again,,,,
0,EndAttack,,,,,
